<?xml version="1.0" encoding="UTF-8" standalone="yes"?>
<workbook xmlns="http://schemas.openxmlformats.org/spreadsheetml/2006/main"
        xmlns:r="http://schemas.openxmlformats.org/officeDocument/2006/relationships"
	xmlns:mc="http://schemas.openxmlformats.org/markup-compatibility/2006" mc:Ignorable="x15 xr xr6 xr10 xr2"
	xmlns:x15="http://schemas.microsoft.com/office/spreadsheetml/2010/11/main"
	xmlns:xr="http://schemas.microsoft.com/office/spreadsheetml/2014/revision"
	xmlns:xr6="http://schemas.microsoft.com/office/spreadsheetml/2016/revision6"
	xmlns:xr10="http://schemas.microsoft.com/office/spreadsheetml/2016/revision10"
	xmlns:xr2="http://schemas.microsoft.com/office/spreadsheetml/2015/revision2">
		<fileVersion appName="xl" lastEdited="7" lowestEdited="7" rupBuild="23426"/>
		<workbookPr defaultThemeVersion="166925"/>
		<mc:AlternateContent xmlns:mc="http://schemas.openxmlformats.org/markup-compatibility/2006">
		<mc:Choice Requires="x15">
			<x15ac:absPath url="C:\Users\Zur Bonsen Georg\Documents\Programme\Beyond4P\Save Excel\" xmlns:x15ac="http://schemas.microsoft.com/office/spreadsheetml/2010/11/ac"/>
		</mc:Choice>
		</mc:AlternateContent><xr:revisionPtr revIDLastSave="0" documentId="8_{BD56ED4A-F63F-4FF1-BC9E-8A5729C8E93F}" xr6:coauthVersionLast="45" xr6:coauthVersionMax="45" xr10:uidLastSave="{00000000-0000-0000-0000-000000000000}"/>
	<bookViews>
		<workbookView activeTab="$active sheet number$" xWindow="-120" yWindow="-120" windowWidth="29040" windowHeight="15960" xr2:uid="{1E05181F-7658-468F-939A-E5C3994FD589}"/> <!-- B4P: Insert active sheet number, 1st one  = 0 -->
	</bookViews>
	<sheets>
		<sheet name="$sheet name$" sheetId="$sheet number$" r:id="rId1$sheet number$"/> <!-- B4P: Sheet name and numbering -->
	</sheets>
	<calcPr calcId="191029"/>
	<extLst>
		<ext uri="{B58B0392-4F1F-4190-BB64-5DF3571DCE5F}" xmlns:xcalcf="http://schemas.microsoft.com/office/spreadsheetml/2018/calcfeatures">
			<xcalcf:calcFeatures><xcalcf:feature name="microsoft.com:RD"/>
			<xcalcf:feature name="microsoft.com:Single"/>
			<xcalcf:feature name="microsoft.com:FV"/>
			<xcalcf:feature name="microsoft.com:CNMTM"/>
			<xcalcf:feature name="microsoft.com:LET_WF"/>
			</xcalcf:calcFeatures>
		</ext>
	</extLst>
</workbook>